id,price
1,54699.89
2,59677.71
3,23235.42
4,2506.56
5,5644.03
6,6120.54
7,4098.484
8,13469.22
9,5426.11
10,21330.565
11,5504.42
12,4774.6
13,4422.92
14,56135.97
15,40140.25
16,56170.25
17,55084.42
18,6565.94
19,70288.43
20,6698.592000000001
21,6079.36
22,60727.01
23,45369.61
24,5737.95
25,5141.05
26,3912.03
27,6176.95
28,5312.83
29,4086.14
30,6355.51
31,8205.56
32,67504.89
33,60137.97
34,53397.57
35,9460.42
36,5716.01
37,5535.89
38,45191.48
39,5723.16
40,2424.36
41,9846.59
42,76760.73
43,5319.18
44,3655.91
45,12463.86
46,3920.47
47,5869.95
48,11762.75
49,68865.98
50,6616.99
51,5748.15
52,3628.27
53,6570.59
54,5034.35
55,7370.4
56,2790.19
57,4456.77
58,53349.68
59,3270.69
60,62214.10666666667
61,9666.35
62,54982.49
63,6699.95
64,10982.06
65,56571.59
66,57349.58
67,45098.09
68,12635.6
69,47318.73
70,45087.82
71,5648.72
72,7061.36
73,10563.46
74,8548.96
75,12072.57
76,6396.37
77,7600.53
78,3655.37
79,62281.06
80,10449.17
81,5203.6
82,6161.35
83,7395.82
84,6178.44
85,30311.52
86,59179.48
87,4654.89
88,12567.05
89,59554.03
90,4384.99
91,4546.17
92,63737.92
93,55667.58
94,79730.24
95,53725.41
96,6906.54
97,5864.83
98,17447.02
99,6113.46
100,68055.29
101,5196.87
102,8152.08
103,7401.41
104,2884.54
105,6383.03
106,8079.08
107,52876.42
108,56405.18
109,47120.02
110,2406.88
111,50407.25
112,52870.03
113,9919.04
114,3577.17
115,3415.77
116,3894.25
117,5949.44
118,3279.43
119,6033.92
120,15302.97
121,52303.08
122,16255.27
123,6451.18
124,45845.47
125,5475.29
126,6454.41
127,7104.02
128,12511.57
129,66072.91
130,3908.38
131,6115.19
132,60718.18
133,6309.59
134,6584.05
135,4157.18
136,43663.8
137,4730.96
138,8080.37
139,3934.38
140,4883.39
141,3540.65
142,50514.91
143,8047.68
144,1715.07
145,54635.48
146,3001.86
147,6214.76
148,14758.67
149,5478.54
150,4899.02
151,7961.97
152,64340.95
153,7970.68
154,6843.65
155,61323.05
156,6525.59
157,7109.64
158,5230.16
159,6438.38
160,5134.23
161,55244.92
162,6730.09
163,68353.97
164,7961.89
165,59382.04
166,33191.17
167,59335.59
168,5148.29
169,13565.23
170,50423.37
171,1861.2
172,7786.24
173,52222.82
174,55940.96
175,4991.2
176,68325.8
177,4444.25
178,4031.07
179,5367.8
180,63800.91
181,29301.04
182,7485.73
183,11648.67
184,5918.94
185,26341.55
186,7009.77
187,9307.39
188,53996.56
189,17533.9
190,4602.5
191,56874.1
192,3352.08
193,57258.86
194,5792.29
195,4208.38
196,5386.27
197,2704.49
198,16485.17
199,13731.64
200,59165.34
201,68210.56
202,12154.11
203,4115.43
204,7476.0
205,59857.1
206,61281.37
207,4171.17
208,45318.24
209,49255.21
210,9461.45
211,57534.84
212,42974.56
213,4387.45
214,5697.2
215,6539.02
216,48748.72
217,5059.3
218,28998.56
219,7795.95
220,3378.44
221,4085.72
222,4270.1
223,22477.3
224,55735.7
225,56995.65
226,12077.83
227,7264.19
228,9569.3
229,4305.05
230,61000.54
231,4628.09
232,6802.59
233,13367.95
234,10445.27
235,3718.79
236,5764.81
237,2897.14
238,3965.02
239,2423.29
240,8998.05
241,63025.82
242,52104.01
243,3869.34
244,62936.38
245,9206.94
246,49866.58
247,57486.43
248,5309.11
249,5306.48
250,64971.36
251,9026.55
252,5885.64
253,52537.81
254,11776.16
255,6157.23
256,68497.82
257,4486.39
258,2089.08
259,4431.75
260,56330.68
261,3480.17
262,5904.4
263,52814.44
264,4496.19
265,7934.08
266,1764.83
267,43142.76
268,48037.62
269,47919.15
270,8537.97
271,6544.17
272,7496.16
273,50380.02
274,32316.39
275,2598.26
276,8978.13
277,30182.67
278,7909.72
279,32643.95
280,6002.2
281,40900.4
282,5385.14
283,5859.54
284,7873.73
285,49527.13
286,8151.25
287,41832.77
288,4920.36
289,60879.32
290,1823.24
291,1504.58
292,6536.57
293,8082.64
294,6767.96
295,5002.14
296,3979.4
297,50802.92
298,13797.33
299,9193.11
300,5407.21
301,61990.73
302,2925.48
303,7598.46
304,12689.03
305,51801.77
306,5914.75
307,50916.54
308,5243.64
309,54431.67
310,12516.49
311,5104.49
312,54385.91
313,4161.77
314,2680.47
315,4046.98
316,35224.68
317,3895.305
318,4732.48
319,8750.13
320,4284.96
321,4417.91
322,59846.24
323,5613.61
324,3686.47
325,6995.98
326,9863.55
327,6946.02
328,4935.72
329,5722.16
330,4194.34
331,12266.41
332,7405.9
333,64492.86
334,5558.73
335,7172.47
336,11614.66
337,4561.66
338,22205.92
339,14339.29
340,46771.2
341,48293.19
342,47965.07
343,4076.9
344,5896.82
345,15161.36
346,74251.85
347,3380.25
348,3432.68
349,6684.2
350,10687.32
351,4000.17
352,5971.81
353,4648.93
354,4015.98
355,4646.51
356,81044.34
357,48599.1
358,5044.38
359,4629.81
360,49597.3
361,56834.62
362,6087.93
363,50986.57
364,2470.9
365,65740.21
366,29717.53
367,3907.91
368,4648.94
369,6449.695
370,6620.61
371,6216.6
372,4052.45
373,6082.24
374,6211.1
375,12375.85
376,49782.67
377,5881.33
378,54572.21
379,5212.68
380,2173.66
381,63120.42
382,6982.04
383,6350.13
384,4319.26
385,6897.85
386,63783.87
387,59912.21
388,5079.65
389,51133.08
390,58745.8
391,58063.26
392,68413.08
393,6127.36
394,56742.92
395,72871.82
396,56839.76
397,54601.67
398,5022.0
399,6473.37
400,3391.37
401,8293.6
402,6580.39
403,7639.83
404,57857.26
405,49983.22
406,4317.42
407,5876.83
408,63792.72
409,5775.61
410,5585.23
411,5969.98
412,51803.98
413,7052.68
414,5756.77
415,6618.07
416,2529.2
417,27405.82
418,5821.87
419,48571.27
420,12237.81
421,4560.64
422,5299.67
423,4084.87
424,57182.61
425,14212.12
426,4349.11
427,3333.45
428,12689.58
429,2150.0
430,6358.47
431,49681.0
432,6182.16
433,6487.24
434,62255.27
435,2203.79
436,5730.13
437,12395.11
438,12209.49
439,5728.55
440,66901.93
441,9113.02
442,58048.63
443,6707.98
444,3708.82
445,4786.31
446,49262.81
447,58305.72
448,7592.58
449,3620.24
450,48932.9
451,50162.37
452,48270.47
453,4821.96
454,6294.89
455,4973.15
456,2177.39
457,50004.51
458,40654.25
459,12716.26
460,7788.38
461,4986.73
462,6152.45
463,4499.79
464,7120.17
465,1638.95
466,2150.0
467,7014.85
468,4701.65
469,4569.65
470,8895.58
471,10953.42
472,9529.64
473,5109.37
474,6077.45
475,4355.7
476,11067.08
477,11039.85
478,4913.42
479,12979.09
480,24931.17
481,5784.9
482,5404.26
483,2855.08
484,3157.91
485,11058.71
486,6159.41
487,64546.87
488,5055.63
489,50699.1
490,7056.05
491,51144.63
492,5823.01
493,58764.64
494,52088.95
495,6208.7
496,36396.32
497,5414.36
498,4667.3
499,61161.86
500,47908.71
501,4475.47
502,4944.79
503,61675.47
504,45096.96
505,51465.63
506,8687.08
507,5253.08
508,32611.32
509,2656.74
510,56097.28
511,6636.56
512,6241.92
513,36846.92
514,7724.35
515,69022.3
516,69381.24
517,3636.24
518,43521.42
519,4501.83
520,5675.41
521,69664.41
522,54608.0
523,4311.97
524,4719.14
525,8595.54
526,6684.71
527,6602.06
528,3166.42
529,6175.42
530,14770.54
531,51851.08
532,3991.36
533,55874.75
534,10113.54
535,11518.43
536,65054.47
537,56504.21
538,4956.47
539,5128.3
540,3603.24
541,4532.88
542,2973.02
543,10204.56
544,54902.7
545,76813.1
546,51534.83
547,3846.31
548,8709.76
549,69094.06
550,5649.68
551,54900.93
552,5913.24
553,5797.95
554,4990.18
555,5758.54
556,6404.71
557,57649.79
558,52054.2
559,5942.07
560,41866.16
561,43795.4
562,2823.71
563,5509.12
564,3872.28
565,5048.03
566,49901.16
567,12320.63
568,10668.31
569,7659.04
570,6577.94
571,4400.6
572,16626.63
573,13582.05
574,4265.24
575,48227.16
576,5100.32
577,52679.08
578,3986.19
579,48261.28
580,63438.39
581,41198.86
582,3987.48
583,2353.66
584,2208.28
585,6563.98
586,57880.54
587,13721.67
588,69336.16
589,4465.19
590,2745.53
591,7483.04
592,60992.00571428571
593,68163.53
594,5299.94
595,14652.98
596,66989.17
597,5490.87
598,2622.98
599,11296.34
600,38810.96
601,6241.57
602,5067.0
603,3854.21
604,5578.23
605,54411.42
606,6271.31
607,68623.52
608,34960.42
609,3673.69
610,5137.74
611,53795.98
612,4436.58
613,67716.48
614,8542.13
615,6290.86
616,6724.71
617,4311.31
618,15371.15
619,60744.76
620,51599.87
621,70203.57
622,5635.8
623,6234.48
624,10381.84
625,3828.53
626,5389.79
627,44758.93
628,52944.79
629,5486.65
630,54818.39
631,5611.6
632,71608.13
633,4893.47
634,4637.21
635,4360.99
636,3808.89
637,8417.34
638,58452.11
639,2769.56
640,56690.61
641,40152.94
642,9024.65
643,4515.12
644,4200.9
645,4113.27
646,60291.1
647,75992.31
648,2853.56
649,11802.155
650,8187.29
651,50695.74
652,4468.19
653,65045.9
654,58440.84
655,6543.33
656,6683.73
657,3313.01
658,9549.81
659,54812.41
660,6108.08
661,6248.36
662,5045.12
663,3115.83
664,14042.77
665,6147.48
666,6499.33
667,10796.42
668,4439.49
669,4616.43
670,4772.27
671,57999.04
672,14291.69
673,7225.65
674,27220.1
675,58115.87
676,64442.65
677,34065.21
678,4427.09
679,14022.32
680,8242.28
681,5364.29
682,4907.92
683,7493.45
684,8330.96
685,6304.36
686,8202.28
687,13974.97
688,4502.89
689,4626.92
690,9263.59
691,4825.3
692,53821.87
693,7814.48
694,6889.05
695,5366.41
696,5859.28
697,6508.99
698,2768.57
699,10565.07
700,4856.74
701,62375.56
702,2499.06
703,3803.31
704,7055.64
705,51109.37
706,4134.07
707,50292.58
708,3497.65
709,3235.87
710,50662.19
711,11889.39
712,55191.65
713,40868.08
714,4639.12
715,54601.1
716,6099.82
717,7851.75
718,10574.54
719,26013.04
720,6729.53
721,59616.52
722,56088.61
723,54655.53
724,10740.54
725,47582.49
726,56429.46
727,8232.33
728,3439.2
729,5698.91
730,77473.38
731,28309.56
732,6229.11
733,5854.27
734,3589.31
735,49862.5
736,6549.71
737,3706.56
738,5085.49
739,59609.53
740,48251.58
741,55668.9
742,57143.48
743,5027.66
744,63926.64
745,12992.26
746,4908.04
747,56889.0
748,7636.61
749,56282.51
750,49676.9
751,6203.54
752,6176.4
753,5839.56
754,3630.9
755,5802.32
756,59059.78
757,45615.5
758,6684.34
759,55271.53
760,4034.64
761,7586.69
762,5338.81
763,7799.59
764,7574.9980000000005
765,55688.14
766,4662.78
767,73643.8
768,7842.7
769,4610.81
770,6680.41
771,6081.7
772,52446.32
773,78126.73
774,6013.22
775,4977.6885
776,44925.87
777,49783.1
778,5483.2
779,4328.29
780,2472.03
781,5280.93
782,44549.32
783,6191.81
784,23219.5
785,7446.28
786,8542.82
787,12733.54
788,4268.77
789,71028.76
790,17388.76
791,41305.28
792,34418.28
793,7711.04
794,31871.7
795,24543.44
796,64248.86
797,4959.07
798,7093.6
799,7579.7225
800,1717.78
801,15204.18
802,5882.81
803,5152.79
804,51776.72
805,6046.7
806,25512.01
807,75347.92
808,13116.07
809,44882.16
810,8690.23
811,47119.07
812,6467.45
813,5112.78
814,58144.99
815,7141.43
816,8705.48
817,6523.05
818,5835.0
819,4633.31
820,57647.24
821,49369.04
822,4720.93
823,24032.94
824,48879.94
825,50383.48
826,6308.93
827,58108.92
828,2956.11
829,49794.79
830,5305.01
831,10785.39
832,3848.43
833,59686.51
834,64329.43
835,5897.06
836,4387.75
837,46439.71
838,15799.04
839,5028.11
840,12143.8
841,58217.3
842,50080.16
843,2806.22
844,24467.72
845,6349.32
846,66814.21
847,44208.19
848,9120.86
849,5254.73
850,13761.3
851,4328.33
852,7955.58
853,4443.93
854,47319.87
855,19856.83
856,5709.25
857,54684.0
858,5020.79
859,6019.28
860,7906.95
861,4853.47
862,3225.2
863,50926.6
864,7071.73
865,2383.04
866,12197.07
867,52693.65
868,2129.26
869,3895.2
870,68889.0
871,4635.34
872,16108.47
873,45526.31
874,8069.88
875,65000.99
876,5823.44
877,3439.47
878,46170.78
879,4221.24
880,65993.23
881,4900.97
882,4572.65
883,8594.19
884,4171.94
885,6543.07
886,5888.75
887,4067.53
888,51605.47
889,40167.47
890,2231.33
891,5109.24
892,2291.45
893,3368.1
894,60162.2
895,9111.15
896,67411.13
897,5064.57
898,55418.76
899,6492.01
900,5695.74
901,56857.42
902,44002.49
903,10865.67
904,5117.8
905,6125.42
906,6515.83
907,58373.89333333334
908,61886.52
909,6453.85
910,6161.65
911,5413.76
912,4318.53
913,62351.28
914,4348.08
915,5800.46
916,50962.21
917,6015.49
918,30717.76666666667
919,3688.72
920,12170.75
921,58546.12
922,11709.22
923,55125.28
924,4852.52
925,54608.0
926,4406.62
927,65071.33
928,5802.69
929,28587.12
930,12728.29
931,11220.72
932,3810.9
933,49557.53
934,4651.88
935,4647.33
936,3806.26
937,5906.59
938,43972.47
939,17024.12
940,5744.94
941,4862.81
942,65628.33
943,5629.23
944,4967.87
945,2384.71
946,8384.64
947,56331.33
948,2911.35
949,69052.58
950,55616.1
951,43727.21
952,56033.17
953,3001.86
954,12993.12
955,4123.48
956,50367.46
957,6538.19
958,8591.64
959,3759.18
960,69674.75
961,54561.74
962,5657.81
963,11498.58
964,5042.14
965,5533.36
966,5764.68
967,66947.7
968,10144.41
969,4512.2
970,3722.8
971,6568.05
972,61731.49
973,3604.9
974,47840.58
975,60504.51
976,59550.53
977,4400.96
978,65660.7
979,5421.99
980,6114.16
981,11529.11
982,57874.6
983,6030.39
984,6001.9
985,5188.9
986,6627.74
987,10954.36
988,5834.07
989,3580.27
990,6737.57
991,58756.59
992,59752.26
993,7147.77
994,54621.74
995,11974.81
996,4169.76
997,5479.11
998,6330.57
999,7787.82
1000,4451.84
1001,3600.62
1002,10635.42
1003,60329.46
1004,4126.15
1005,11563.48
1006,13206.17
1007,3947.84
1008,3653.73
1009,17240.97
1010,2645.14
1011,43632.29
1012,52143.1
1013,4584.46
1014,57473.77
1015,62887.27
1016,45185.5
1017,42457.0
1018,9864.56
1019,8257.8
1020,3207.5
1021,12437.76
1022,4414.57
1023,3685.75
1024,52822.74
1025,12839.93
1026,56392.36
1027,4171.32
1028,51999.89
1029,6785.23
1030,54249.88
1031,5333.02
1032,3943.83
1033,42471.71
1034,7607.11
1035,5514.92
1036,32104.24
1037,4911.0
1038,43929.21
1039,4221.0
1040,3058.13
1041,60907.3
1042,33199.68
1043,10823.46
1044,6420.59
1045,5340.2
1046,61772.64
1047,39552.32
1048,4474.83
1049,5158.96
1050,2114.5
1051,3561.49
1052,5439.26
1053,5497.26
1054,54525.88
1055,2838.7
1056,6478.9
1057,8230.01
1058,8306.49
1059,6818.66
1060,3722.4
1061,65152.38
1062,50337.78
1063,4243.85
1064,7761.1
1065,10400.63
1066,5284.67
1067,18088.25
1068,20881.65
1069,46013.15
1070,1768.96
1071,4848.82
1072,43586.93
1073,58250.01
1074,17113.54
1075,12004.61
1076,6215.53
1077,7263.82
1078,4727.08
1079,18303.68
1080,4329.6875
1081,45830.17
1082,4719.04
1083,4708.08
1084,12874.75
1085,3807.35
1086,6427.18
1087,10366.55
1088,6672.38
1089,15646.7
1090,5953.13
1091,6177.69
1092,12105.91
1093,5882.79
1094,5334.07
1095,8214.1
1096,55266.39
1097,65064.73
1098,4779.81
1099,4668.06
1100,47045.94
1101,4571.86
1102,17415.98
1103,3585.52
1104,60286.59
1105,2683.23
1106,8666.98
1107,5407.99
1108,7791.14
1109,57613.46
1110,2494.38
1111,12117.19
1112,51054.48
1113,5921.05
1114,55959.29
1115,12951.91
1116,4203.48
1117,63976.76
1118,46193.52
1119,6384.18
1120,4000.9
1121,4242.72
1122,2611.65
1123,5640.1
1124,5178.18
1125,55112.28
1126,6572.76
1127,5259.44
1128,50382.47
1129,5532.87
1130,5478.02
1131,9620.15
1132,7654.8
1133,65155.34
1134,5974.04
1135,5833.76
1136,5384.27
1137,7343.77
1138,28274.65
1139,5409.02
1140,3590.16
1141,4831.83
1142,6514.27
1143,2433.73
1144,6603.09
1145,48785.99
1146,61443.64
1147,13526.63
1148,41783.65
1149,7550.17
1150,2901.0
1151,4234.54
1152,12056.3
1153,4134.11
1154,7304.71
1155,14791.75
1156,6576.88
1157,4441.79
1158,45445.16
1159,6376.06
1160,3018.27
1161,6441.58
1162,6172.45
1163,5765.95
1164,78886.39
1165,6228.27
1166,47071.36
1167,6835.62
1168,6065.33
1169,12582.74
1170,4901.93
1171,5908.12
1172,53627.6
1173,2672.45
1174,6298.82
1175,2876.84
1176,4282.15
1177,2143.99
1178,4710.4
1179,13551.49
1180,4520.41
1181,4651.94
1182,6199.5
1183,43229.88
1184,56492.33
1185,18914.07
1186,6609.5
1187,54364.77
1188,2928.01
1189,5463.16
1190,13173.87
1191,67449.5
1192,55464.91
1193,16801.77
1194,5646.6
1195,3525.93
1196,11736.69
1197,69832.54
1198,12741.41
1199,5182.61
1200,5943.08
1201,11793.16
1202,22645.32
1203,5941.33
1204,54114.06
1205,6413.73
1206,14838.21
1207,4484.98
1208,5870.97
1209,8392.48
1210,5152.68
1211,59175.35
1212,56490.39
1213,3470.87
1214,4927.11
1215,4570.293333333334
1216,16964.77
1217,3603.7
1218,3594.68
1219,61918.37
1220,28717.86
1221,69342.77
1222,3861.83
1223,4280.39
1224,45674.07
1225,58360.83
1226,4725.96
1227,6010.62
1228,4488.63
1229,12960.89
1230,51690.35
1231,4548.03
1232,5189.35
1233,4819.74
1234,5699.43
1235,60530.76
1236,5254.26
1237,64666.31
1238,4403.04
1239,8210.12
1240,12322.2
1241,51595.04
1242,6445.74
1243,57717.92
1244,5915.85
1245,6469.63
1246,6641.81
1247,5720.76
1248,4783.63
1249,6368.46
1250,6928.77
1251,4206.24
1252,55262.58
1253,57318.54
1254,2409.57
1255,3432.65
1256,54904.88
1257,5233.48
1258,4937.89
1259,5396.14
1260,10711.11
1261,3796.85
1262,9956.23
1263,12503.4
1264,42347.82
1265,3533.2
1266,31389.42
1267,5567.03
1268,7456.42
1269,8671.72
1270,62394.44
1271,7467.23
1272,5286.86
1273,17797.19233333333
1274,11594.89
1275,6734.3
1276,4536.04
1277,74734.13
1278,10474.92
1279,12568.13
1280,63629.02
1281,24012.36
1282,58874.2
1283,4482.27
1284,5767.63
1285,4215.21
1286,56259.42
1287,7488.25
1288,75453.48
1289,5072.53
1290,8596.94
1291,6555.22
1292,51153.81
1293,8976.0
1294,10489.64
1295,6090.95
1296,49947.76
1297,4347.14
1298,10828.96
1299,11486.83
1300,6465.78
1301,8897.12
1302,50758.04
1303,2398.41
1304,4696.76
1305,7523.23
1306,4496.84
1307,5222.91
1308,6759.0
1309,52327.44
1310,66760.28
1311,6063.18
1312,13090.21
1313,49937.05
1314,42868.86
1315,11722.1
1316,13869.51
1317,5565.15
1318,5883.55
1319,2470.51
1320,23147.63
1321,6063.31
1322,8438.0
1323,2129.26
1324,5833.56
1325,56407.0
1326,3146.47
1327,6841.5
1328,68398.18
1329,4955.29
1330,6290.51
1331,5292.79
1332,12667.07
1333,2085.42
1334,13703.96
1335,8849.2
1336,6541.17
1337,37572.09
1338,6738.83
1339,5561.52
1340,8062.86
1341,9384.37
1342,2526.95
1343,2432.37
1344,7809.41
1345,2227.92
1346,67175.52
1347,4810.21
1348,50657.33
1349,5511.26
1350,6531.32
1351,11428.58
1352,11064.51
1353,10540.02
1354,5360.1
1355,8882.16
1356,50150.57
1357,29269.86
1358,11628.88
1359,7622.8
1360,13280.88
1361,4443.84
1362,44879.8
1363,7853.14
1364,9163.91
1365,45298.1
1366,70828.93
1367,11474.41
1368,7107.03
1369,52847.38
1370,51209.46
1371,4877.07
1372,21101.96
1373,6538.05
1374,48968.9
1375,5057.85
1376,10810.58
1377,4959.64
1378,4179.77
1379,4810.06
1380,53908.8
1381,4575.4
1382,71834.24
1383,50633.71
1384,41954.05
1385,5787.89
1386,4470.68
1387,2817.74
1388,5013.17
1389,56895.09
1390,5068.88
1391,48042.95
1392,2178.37
1393,52035.63
1394,51110.56
1395,2817.95
1396,4903.63
1397,6591.11
1398,54608.0
1399,36157.54
1400,68979.98
1401,13727.52
1402,63604.33
1403,6766.87
1404,2495.14
1405,32438.05
1406,9215.89
1407,73826.8
1408,10978.68
1409,4316.41
1410,46691.02
1411,9803.51
1412,6774.16
1413,66905.18
1414,12246.488000000001
1415,54596.83
1416,5794.72
1417,6296.3
1418,2150.0
1419,5018.58
1420,4986.96
1421,58236.22
1422,4225.84
1423,43246.06
1424,6215.28
1425,49790.82
1426,4439.98
1427,8051.07
1428,45324.47
1429,2254.38
1430,3980.39
1431,46372.67
1432,57475.28
1433,3733.43
1434,1976.56
1435,3135.17
1436,71184.63
1437,6594.3
1438,30709.81
1439,56596.27
1440,48104.31
1441,8689.89
1442,63627.86
1443,52777.68
1444,7041.43
1445,61502.43
1446,51684.44
1447,9947.62
1448,43271.33
1449,3176.29
1450,64934.1
1451,3758.1
1452,45081.12
1453,5335.27
1454,6875.66
1455,4509.77
1456,42610.12
1457,57121.66
1458,6318.69
1459,3699.99
1460,3464.86
1461,14088.87
1462,6112.04
1463,49126.33
1464,3058.04
1465,3774.65
1466,2853.26
1467,45585.76
1468,45324.76
1469,52560.79
1470,4548.584999999999
1471,13727.87
1472,13945.41
1473,3777.31
1474,53398.94
1475,3582.86
1476,14375.44
1477,46999.66
1478,4882.82
1479,7822.08
1480,13480.84
1481,42058.85
1482,41517.64
1483,4192.91
1484,6080.81
1485,6712.8
1486,11477.08
1487,7598.72
1488,44781.81
1489,6900.81
1490,8404.81
1491,8608.45
1492,46884.77
1493,55154.09666666667
1494,10345.75
1495,48299.8
1496,58061.64
1497,2801.89
1498,7936.8
1499,5418.14
1500,6112.45
1501,7146.67
1502,10830.48
1503,4245.99
1504,10975.36
1505,4746.46
1506,69097.55
1507,3935.22
1508,70276.41
1509,50001.42
1510,59343.26
1511,8751.29
1512,54812.28
1513,50194.54
1514,5558.37
1515,42999.44
1516,45228.28
1517,4615.43
1518,5840.64
1519,73325.4
1520,5690.47
1521,4435.63
1522,3161.48
1523,5737.1
1524,56975.95
1525,9701.44
1526,12984.81
1527,12991.87
1528,42971.98
1529,6036.89
1530,8362.82
1531,45664.18
1532,5660.27
1533,40887.22
1534,9342.42
1535,7381.02
1536,43063.08
1537,12260.22
1538,13419.39
1539,4572.12
1540,5327.23
1541,6291.47
1542,56463.49
1543,9628.87
1544,43127.93
1545,28060.84
1546,54701.92
1547,25943.52
1548,11155.76
1549,5458.45
1550,46579.13
1551,6578.07
1552,8254.28
1553,76164.66
1554,8499.46
1555,4634.61
1556,4811.87
1557,7709.13
1558,33542.74
1559,11725.61
1560,76328.67
1561,7981.84
1562,6575.02
1563,59010.3
1564,68216.5
1565,7312.91
1566,8214.22
1567,6065.32
1568,8083.79
1569,56777.6
1570,3104.76
1571,8265.27
1572,4342.21
1573,3488.01
1574,20581.47
1575,53743.07
1576,13423.02
1577,7870.49
1578,55079.59
1579,5451.31
1580,6107.95
1581,50192.11
1582,2534.47
1583,67784.41
1584,5698.3
1585,5274.13
1586,13985.88
1587,4043.01
1588,5650.26
1589,45281.0
1590,77392.15
1591,51519.1
1592,5084.16
1593,7368.82
1594,1845.22
1595,8465.0
1596,3372.44
1597,5931.55
1598,22237.16
1599,5510.84
1600,52866.71
1601,11309.09
1602,11536.94
1603,5801.85
1604,11712.31
1605,7469.35
1606,58872.76
1607,4350.53
1608,6749.41
1609,4938.58
1610,50428.55
1611,4010.84
1612,5774.49
1613,5538.49
1614,5126.44
1615,51134.61
1616,45487.08
1617,52127.84
1618,4998.9
1619,6002.84
1620,53902.0
1621,65076.88
1622,4737.35
1623,4314.52
1624,3700.66
1625,4698.3
1626,6927.64
1627,69447.28
1628,9748.43
1629,43405.75
1630,56319.76
1631,9508.44
1632,5118.76
1633,8786.03
1634,6333.97
1635,8147.83
1636,7414.18
1637,11900.71
1638,9198.92
1639,5272.17
1640,5873.42
1641,71455.95
1642,13577.61
1643,13771.62
1644,6808.42
1645,60055.61
1646,6463.15
1647,60918.81
1648,44576.41
1649,6096.93
1650,13986.73
1651,55951.98
1652,11359.33
1653,56225.19
1654,2324.42
1655,14749.13
1656,4989.57
1657,5706.41
1658,59233.86
1659,4417.23
1660,6195.99
1661,52803.88
1662,6233.35
1663,6168.36
1664,55899.88
1665,5367.35
1666,4009.88
1667,10681.16
1668,9923.62
1669,4851.75
1670,49752.59
1671,56400.39
1672,5418.55
1673,4734.69
1674,12194.19
1675,33160.98
1676,59641.33
1677,1894.25
1678,53995.59
1679,5223.75
1680,55531.65
1681,5429.94
1682,55296.25
1683,4190.29
1684,7062.02
1685,4183.77
1686,3220.91
1687,3689.37
1688,5937.31
1689,1768.85
1690,1638.95
1691,5606.46
1692,5131.98
1693,4702.93
1694,56614.18
1695,2407.16
1696,3805.98
1697,6628.96
1698,3749.13
1699,55082.9
1700,7019.35
1701,5637.74
1702,6066.58
1703,5514.99
1704,2900.63
1705,9175.07
1706,6910.44
1707,5901.68
1708,4483.64
1709,7663.81
1710,5137.4
1711,6710.92
1712,14466.02
1713,6380.0
1714,9073.82
1715,51577.56
1716,5255.78
1717,4494.67
1718,9651.11
1719,2324.44
1720,54617.55
1721,22392.72
1722,5989.1
1723,6013.67
1724,7291.28
1725,68022.1
1726,53268.5
1727,5716.68
1728,52049.2
1729,5477.73
1730,4447.96
1731,60329.29
1732,6045.85
1733,17682.57
1734,5398.37
1735,5998.24
1736,38903.93
1737,52907.08
1738,11714.65
1739,2845.63
1740,4318.2
1741,6040.72
1742,1619.47
1743,2396.53
1744,5401.29
1745,5861.0
1746,2744.19
1747,14061.06
1748,4612.49
1749,51083.72
1750,5757.18
1751,48951.52
1752,10644.62
1753,4900.86
1754,69392.46
1755,6295.72
1756,42156.19
1757,51308.17
1758,7710.33
1759,62176.16
1760,26421.94
1761,57069.22
1762,7898.2
1763,5390.9
1764,2124.0
1765,8572.91
1766,1914.55
1767,4793.64
1768,5720.41
1769,13982.42
1770,6384.05
1771,6255.14
1772,13354.04
1773,60006.4
1774,3488.57
1775,58239.11
1776,7563.0
1777,4675.96
1778,9471.12
1779,1244.04
1780,54258.53
1781,11593.43
1782,4453.01
1783,74216.8
1784,5083.45
1785,44546.58
1786,6615.59
1787,7180.22
1788,6633.01
1789,6632.76
1790,2516.66
1791,4458.91
1792,14816.9
1793,4121.87
1794,8788.9
1795,10536.56
1796,7026.73
1797,5588.25
1798,66876.8
1799,1842.66
1800,4999.11
1801,4474.91
1802,6370.665
1803,2384.15
1804,62032.85
1805,11689.49
1806,3052.3
1807,7335.07
1808,5393.78
1809,6343.85
1810,68466.07
1811,5952.11
1812,4884.32
1813,80685.3
1814,6121.91
1815,7878.88
1816,5207.92
1817,61334.03
1818,4501.19
1819,2065.11
1820,5058.42
1821,9298.05
1822,52180.01
1823,26891.3
1824,7778.8
1825,12651.05
1826,6337.28
1827,14233.44
1828,53614.92
1829,17589.4
1830,6179.64
1831,22140.0
1832,41279.99
1833,5403.37
1834,6480.18
1835,28038.27
1836,1536.76
1837,6476.2
1838,5021.08
1839,12329.83
1840,71203.32
1841,5931.25
1842,51486.82
1843,58733.2
1844,15191.87
1845,17491.1
1846,5622.33
1847,5522.15
1848,6114.13
1849,8894.87
1850,5702.18
1851,9743.43
1852,6013.59
1853,4552.11
1854,11394.43
1855,6298.7
1856,5333.47
1857,56880.28
1858,10837.67
1859,7598.53
1860,10240.52
1861,5108.42
1862,50691.19
1863,4833.89
1864,3641.78
1865,61740.87
1866,13061.38
1867,5504.6
1868,4940.15
1869,4340.99
1870,6506.36
1871,4131.52
1872,69039.7
1873,10825.52
1874,8994.94
1875,5760.49
1876,6314.71
1877,14928.99
1878,45229.35
1879,4854.5
1880,2675.98
1881,13637.83
1882,9272.03
1883,10608.52
1884,5964.49
1885,2653.89
1886,2582.13
1887,53740.45
1888,8180.4
1889,4772.72
1890,59477.0
1891,6236.72
1892,5397.43
1893,4750.15
1894,5498.47
1895,6066.31
1896,54482.08
1897,10502.75
1898,1817.09
1899,4552.37
1900,8653.26
1901,5209.9
1902,5185.54
1903,6857.86
1904,5204.41
1905,13198.28
1906,41783.34
1907,1817.06
1908,6581.08
1909,5806.83
1910,3513.71
1911,11180.23
1912,7361.32
1913,4469.59
1914,13101.15
1915,6747.79
1916,6052.94
1917,43530.49
1918,6729.28
1919,5061.73
1920,6236.24
1921,6217.53
1922,70688.73
1923,2534.88
1924,63309.72
1925,5695.97
1926,4232.6
1927,56355.46
1928,6963.5
1929,5128.31
1930,2283.18
1931,8194.59
1932,6254.55
1933,10130.16
1934,13546.37
1935,3302.05
1936,57379.14
1937,8228.37
1938,5910.72
1939,4227.84
1940,2541.61
1941,49741.95
1942,11253.1
1943,7473.75
1944,5931.56
1945,49012.7
1946,3321.49
1947,14117.67
1948,4754.95
1949,5208.69
1950,8669.22
1951,2209.24
1952,7801.09
1953,50512.18
1954,9108.82
1955,62583.9
1956,14175.17
1957,5031.17
1958,47449.89
1959,4286.07
1960,5315.59
1961,50701.24
1962,7881.5
1963,46180.8
1964,55882.02
1965,3558.11
1966,33710.1
1967,9405.64
1968,3218.3
1969,14512.48
1970,5560.87
1971,4803.315
1972,2055.24
1973,39922.63
1974,3526.36
1975,13234.84
1976,3783.07
1977,5825.94
1978,51949.41
1979,4445.8
1980,5688.28
1981,5032.3
1982,61110.5
1983,37959.13
1984,4820.88
1985,65811.52
1986,56583.7
1987,10196.88
1988,48099.56
1989,57977.62
1990,46282.84
1991,6368.01
1992,5425.41
1993,5885.29
1994,3852.53
1995,2291.66
1996,1745.82
1997,13202.48
1998,4947.9
1999,1831.19
2000,6840.53
2001,64717.79
2002,4238.78
2003,4112.34
2004,67292.68
2005,2397.06
2006,6917.56
2007,46493.38
2008,32987.08
2009,61806.02
2010,10772.35
2011,4473.51
2012,5266.39
2013,4831.42
2014,13471.68
2015,12229.69
2016,12745.21
2017,9436.15
2018,11711.34
2019,11139.13
2020,4002.52
2021,9495.7
2022,6123.4
2023,5629.04
2024,10133.57
2025,14673.72
2026,9340.67
2027,2933.03
2028,5987.07
2029,6453.06
2030,4038.54
2031,16876.72
2032,49546.77
2033,3332.11
2034,31879.01
2035,43848.58
2036,6409.29
2037,3535.18
2038,52408.74
2039,63936.78
2040,57057.1
2041,60493.44
2042,6328.82
2043,4699.93
2044,7489.56
2045,51553.51
2046,55545.83
2047,39747.47
2048,4334.06
2049,5169.77
2050,4861.57
2051,2579.79
2052,40277.36
2053,55556.85
2054,6880.27
2055,46820.13
2056,43145.63
2057,63002.94
2058,6549.26
2059,3773.96
2060,4474.69
2061,63474.37
2062,4580.55
2063,5367.03
2064,5544.45
2065,6347.22
2066,5484.41
2067,6833.21
2068,9135.09
2069,7647.83
2070,5232.03
2071,2901.03
2072,61287.53
2073,4414.2
2074,4675.52
2075,64825.86
2076,11922.58
2077,1702.42
2078,7083.43
2079,6182.71
2080,4572.02
2081,48354.32
2082,5508.19
2083,5425.2
2084,1793.35
2085,49318.88
2086,5874.4
2087,65437.4
2088,69328.98
2089,4362.44
2090,4769.47
2091,12028.8
2092,5015.09
2093,3494.37
2094,57506.5
2095,12539.73
2096,57174.49
2097,12641.83
2098,6123.06
2099,55483.99
2100,8273.39
2101,7838.6
2102,3580.88
2103,68799.13
2104,60790.28
2105,49709.54
2106,5498.54
2107,8043.06
2108,4214.93
2109,10688.02
2110,54419.27
2111,4415.96
2112,7653.12
2113,3543.76
2114,58131.41
2115,6514.72
2116,44992.34
2117,5257.11
2118,4208.56
2119,45429.78
2120,5176.22
2121,47606.78
2122,6519.35
2123,48686.95
2124,7643.57
2125,63171.82
2126,3429.71
2127,49823.0
2128,3424.95
2129,59139.72
2130,5736.37
2131,50954.06
2132,59054.33
2133,3764.3
2134,5518.58
2135,3362.05
2136,4075.89
2137,6036.56
2138,49810.82
2139,5247.43
2140,8443.01
2141,5151.76
2142,55849.75
2143,7874.4
2144,52169.63
2145,4335.74
2146,4864.95
2147,4846.26
2148,4561.09
2149,8778.35
2150,6904.71
2151,6466.11
2152,7830.04
2153,46497.12
2154,48894.82
2155,32511.42
2156,5119.33
2157,13887.19
2158,14000.9
2159,10785.1
2160,7458.9
2161,51435.11
2162,4090.71
2163,53763.58
2164,6338.86
2165,7734.52
2166,4570.35
2167,46079.89
2168,57503.66
2169,6199.51
2170,5442.5
2171,49828.99
2172,4049.43
2173,4970.66
2174,2994.55
2175,5418.87
2176,39681.12
2177,50277.98
2178,55355.4
2179,6010.06
2180,63650.18
2181,3201.51
2182,39538.96
2183,42408.23
2184,4922.79
2185,6612.27
2186,9432.09
2187,15204.08
2188,7574.64
2189,6694.86
2190,10025.45
2191,44488.01
2192,6703.84
2193,6534.11
2194,2323.91
2195,4936.08
2196,58851.77
2197,62258.72
2198,55336.93
2199,3537.19
2200,5105.38
2201,5332.81
2202,5810.87
2203,6316.66
2204,8741.14
2205,5065.09
2206,3913.15
2207,74031.72
2208,5043.68
2209,67416.75
2210,11722.74
2211,12930.4
2212,47774.21
2213,66348.16
2214,10743.25
2215,4701.44
2216,7081.81
2217,58609.88
2218,54747.49
2219,3080.52
2220,55460.5
2221,5751.52
2222,3247.09
2223,5779.32
2224,4567.18
2225,3782.86
2226,6283.35
2227,5131.3
2228,11728.91
2229,11497.42
2230,4133.29
2231,3473.79
2232,58972.51
2233,16819.24
2234,6558.26
2235,55059.37
2236,5865.02
2237,11711.983999999999
2238,4431.81
2239,6792.88
2240,54093.02
2241,9964.18
2242,5404.63
2243,51686.6
2244,2150.0
2245,4416.04
2246,8853.69
2247,3813.14
2248,6616.01
2249,5371.54
2250,6343.63
2251,10549.82
2252,53018.36
2253,8307.67
2254,41059.98
2255,4015.44
2256,6118.17
2257,3172.34
2258,5882.93
2259,6056.32
2260,7238.77
2261,7615.61
2262,10347.4
2263,11127.88
2264,6912.37
2265,2859.18
2266,26000.66
2267,44328.95
2268,10987.84
2269,5856.06
2270,4874.92
2271,3316.27
2272,5466.94
2273,2121.2
2274,46594.76
2275,44782.16
2276,2842.45
2277,10359.03
2278,2511.58
2279,7349.51
2280,41506.05
2281,4581.81
2282,65047.67
2283,61744.94
2284,8945.94
2285,8166.6
2286,46623.31
2287,63706.74
2288,3445.77
2289,5849.12
2290,3461.69
2291,4833.68
2292,2246.2
2293,18756.74
2294,9097.04
2295,5730.95
2296,6630.82
2297,28021.88
2298,6593.71
2299,10374.76
2300,3539.54
2301,45105.86
2302,5098.43
2303,54049.77
2304,8191.03
2305,46037.21
2306,7420.16
2307,16910.2
2308,66888.06
2309,4192.95
2310,9226.83
2311,57782.71
2312,11979.72
2313,47906.42
2314,5167.06
2315,14513.12
2316,6008.17
2317,54561.88
2318,23296.78
2319,12786.47
2320,6527.38
2321,56223.16
2322,3322.75
2323,16377.89
2324,9287.8
2325,5967.81
2326,5861.73
2327,11719.66
2328,34854.75
2329,6495.69
2330,5944.34
2331,46644.59
2332,10240.21
2333,7474.64
2334,11715.1
2335,48938.17
2336,52960.9
2337,54639.24
2338,2522.98
2339,40327.39
2340,8792.79
2341,41857.47
2342,5104.63
2343,45359.95
2344,6502.8
2345,54139.48
2346,4557.88
2347,7823.97
2348,11775.14
2349,6216.06
2350,54277.5
2351,4112.29
2352,4588.85
2353,5205.48
2354,2360.08
2355,5076.17
2356,47843.44
2357,55734.01
2358,4723.72
2359,5741.69
2360,7136.86
2361,59805.11
2362,62857.33
2363,4629.84
2364,51121.0
2365,6578.35
2366,60674.89
2367,4239.95
2368,77462.24
2369,59755.29
2370,6433.79
2371,6506.11
2372,4588.11
2373,5796.37
2374,4386.76
2375,4156.94
2376,49794.66
2377,13036.03
2378,55599.29
2379,4650.8
2380,25444.03
2381,4167.2
2382,10588.05
2383,81997.01
2384,8143.01
2385,10595.83
2386,54094.27
2387,5189.2
2388,5772.65
2389,3281.15
2390,46898.63
2391,5692.92
2392,11289.88
2393,7324.15
2394,13503.7
2395,22300.0
2396,48131.02
2397,4529.46
2398,10293.04
2399,6284.13
2400,13985.85
2401,60101.19
2402,4520.62
2403,28490.1
2404,44573.36
2405,6341.89
2406,5141.09
2407,4868.89
2408,10017.02
2409,10433.4
2410,41877.08
2411,6631.08
2412,6099.33
2413,2832.75
2414,61387.9
2415,9615.86
2416,42988.57
2417,10395.65
2418,5221.21
2419,5618.04
2420,6122.2
2421,7515.33
2422,63046.08
2423,4630.45
2424,2578.19
2425,4931.11
2426,62871.61
2427,5555.06
2428,54598.03
2429,60160.27
2430,12747.4
2431,22268.48
2432,67229.2
2433,7577.14
2434,6692.59
2435,7802.42
2436,4640.99
2437,55230.43
2438,48838.34
2439,4695.32
2440,51237.04
2441,4219.58
2442,7028.59
2443,5776.97
2444,2483.5
2445,2979.28
2446,11292.27
2447,7571.89
2448,7875.37
2449,5521.12
2450,6357.15
2451,3844.55
2452,10692.44
2453,7323.08
2454,49848.68
2455,13005.34
2456,53000.91
2457,23948.36
2458,15480.49
2459,41388.94
2460,44867.03
2461,6930.62
2462,6059.26
2463,5460.925
2464,7770.67
2465,4467.95
2466,2347.93
2467,4876.51
2468,6451.13
2469,5234.37
2470,5723.87
2471,7793.47
2472,4342.87
2473,4763.39
2474,5191.0
2475,8345.34
2476,4855.03
2477,4006.68
2478,12169.01
2479,80732.81
2480,5035.7
2481,33007.96
2482,6121.91
2483,65275.0
2484,53133.29
2485,59446.39
2486,5561.71
2487,5151.76
2488,53185.995
2489,2899.76
2490,8195.03
2491,58908.43
2492,14160.62
2493,5213.32
2494,4513.07
2495,3832.19
2496,5506.91
2497,2455.58
2498,10802.44
2499,64625.87
2500,3777.45
2501,52099.04
2502,10828.23
2503,3110.28
2504,14718.81
2505,51995.57
2506,2797.25
2507,17604.0
2508,8906.56
2509,4342.06
2510,5728.07
2511,51642.1
2512,10445.56
2513,3581.82
2514,5995.72
2515,13466.98
2516,4574.91
2517,2419.24
2518,53892.69
2519,64961.99
2520,60230.24
2521,4306.16
2522,72131.17
2523,55924.31
2524,53826.4
2525,65027.66
2526,6591.57
2527,6556.39
2528,14219.03
2529,4072.14
2530,8031.895
2531,56291.02
2532,61248.18
2533,4599.58
2534,51499.99
2535,7510.72
2536,7517.23
2537,4152.01
2538,8076.21
2539,3323.87
2540,55901.83
2541,12764.32
2542,12181.97
2543,26332.98
2544,22488.24
2545,4779.17
2546,54684.0
2547,5019.04
2548,2156.75
2549,42745.1
2550,6179.79
2551,4828.0865
2552,8347.0
2553,6632.18
2554,44905.54
2555,63771.58
2556,8033.61
2557,5592.82
2558,2933.46
2559,3264.22
2560,8073.34
2561,6662.7
2562,6177.48
2563,14559.48
2564,4478.51
2565,14745.93
2566,13560.29
2567,3869.47
2568,7846.6
2569,7588.17
2570,49817.51
2571,65392.93
2572,2124.0
2573,3323.36
2574,51719.29
2575,5278.86
2576,48168.79
2577,68633.94
2578,8111.1
2579,3794.0
2580,70113.73
2581,53140.12
2582,56063.08
2583,46468.73
2584,5045.88
2585,6025.58
2586,4872.46
2587,51255.88
2588,5154.51
2589,5032.53
2590,5757.55
2591,3636.37
2592,3150.69
2593,6084.25
2594,44646.24
2595,10217.82
2596,40292.93666666667
2597,12680.41
2598,62722.36
2599,5122.57
2600,63687.67
2601,11785.93
2602,3909.8
2603,66936.98
2604,4380.57
2605,16789.14
2606,55983.15
2607,6644.93
2608,6034.92
2609,4602.24
2610,4757.88
2611,8674.73
2612,13699.0
2613,3642.55
2614,5970.14
2615,44916.12
2616,6318.59
2617,6000.27
2618,65934.49
2619,13801.72
2620,9484.31
2621,2631.79
2622,4058.58
2623,6978.47
2624,55861.07
2625,58985.1
2626,6242.96
2627,64971.48
2628,58161.86
2629,54629.96
2630,9000.28
2631,5418.02
2632,3885.4
2633,57615.52
2634,10229.47
2635,3117.16
2636,3891.25
2637,6907.82
2638,63662.74
2639,11736.89
2640,5874.42
2641,3983.24
2642,56421.29
2643,40589.65
2644,4013.19
2645,4289.92
2646,2604.75
2647,33341.94
2648,9258.773333333334
2649,6243.66
2650,58521.77
2651,57979.31
2652,2364.93
2653,5951.65
2654,4026.44
2655,4879.64
2656,5148.62
2657,51601.43
2658,56174.85
2659,53477.51
2660,49898.69
2661,63427.7
2662,2479.6
2663,55499.23
2664,7953.29
2665,5675.89
2666,42322.85
2667,55690.06
2668,55022.21
2669,60870.56
2670,3525.95
2671,13122.93
2672,5127.62
2673,9835.23
2674,4659.24
2675,7264.6
2676,5689.35
2677,2407.84
2678,3220.52
2679,2608.84
2680,5825.49
2681,5127.59
2682,7346.33
2683,3211.13
2684,6690.52
2685,4868.36
2686,6114.86
2687,61928.03
2688,47500.01
2689,12620.68
2690,13085.09
2691,25083.44
2692,4485.87
2693,7527.46
2694,2313.25
2695,10112.79
2696,3372.05
2697,8009.21
2698,12007.37
2699,61203.26
2700,51803.12
2701,46054.79
2702,3094.86
2703,7710.46
2704,4478.55
2705,14899.04
2706,5763.1
2707,38201.82
2708,49705.26
2709,5892.22
2710,51953.01
2711,5211.24
2712,4989.18
2713,4600.95
2714,56324.9
2715,7117.1
2716,4672.55
2717,59434.49
2718,4145.6
2719,5515.63
2720,6149.25
2721,2427.13
2722,12703.39
2723,72396.96
2724,19339.37
2725,2620.24
2726,3786.09
2727,6057.21
2728,5670.72
2729,2795.52
2730,11272.78
2731,56932.51
2732,2932.55
2733,7054.33
2734,52602.13
2735,5050.95
2736,7842.865
2737,49722.49
2738,4815.37
2739,59946.84
2740,5239.76
2741,8799.17
2742,7222.85
2743,68079.64
2744,5672.47
2745,54676.7
2746,6623.49
2747,4449.21
2748,58372.85
2749,7256.49
2750,10898.95
2751,63127.21
2752,6853.4
2753,65496.24
2754,5017.83
2755,5641.53
2756,6142.24
2757,61217.32
2758,2926.42
2759,41531.6
2760,6915.73
2761,52193.98
2762,17839.92
2763,6452.99
2764,52772.06
2765,13209.43
2766,9187.94
2767,7493.9
2768,54122.66
2769,10592.67
2770,48286.09
2771,3142.17
2772,2782.99
2773,3312.53
2774,3293.23
2775,10453.11
2776,7731.76
2777,8010.43
2778,12874.33
2779,10066.9
2780,52764.16
2781,43110.47
2782,8685.89
2783,9655.41
2784,12328.33
2785,6887.26
2786,3953.58
2787,7905.59
2788,6701.58
2789,6323.32
2790,3102.68
2791,2364.27
2792,1965.34
2793,50410.01
2794,4472.46
2795,52012.93
2796,7572.7
2797,11352.15
2798,5959.35
2799,48454.43
2800,6785.14
2801,5573.62
2802,4110.82
2803,29107.2
2804,3611.74
2805,6129.21
2806,59204.27
2807,64284.85
2808,4737.89
2809,54102.48
2810,6106.91
2811,4616.42
2812,6838.6
2813,12164.55
2814,1790.96
2815,7565.9
2816,9292.7
2817,7653.88
2818,5834.47
2819,2840.77
2820,3797.74
2821,7258.72
2822,5473.9
2823,4264.88
2824,5690.28
2825,2560.45
2826,7706.29
2827,4778.83
2828,53744.63
2829,6631.41
2830,5221.93
2831,2407.44
2832,6603.31
2833,4165.4
2834,4829.39
2835,9469.83
2836,1902.15
2837,8016.63
2838,47857.82
2839,58045.52
2840,5703.18
2841,43330.32
2842,47546.23
2843,53753.38
2844,54812.84
2845,2772.13
2846,5095.77
2847,22318.44
2848,7695.25
2849,3110.01
2850,54061.41
2851,5115.15
2852,6240.59
2853,52745.03
2854,49218.14
2855,14342.33
2856,10095.49
2857,50453.56
2858,5343.39
2859,18090.68
2860,5947.1
2861,5012.19
2862,8857.88
2863,4732.65
2864,59614.6
2865,2900.01
2866,2777.27
2867,5556.24
2868,14259.74
2869,52774.96
2870,12097.46
2871,48065.09
2872,54118.65
2873,9832.2
2874,12499.29
2875,6597.08
2876,6183.9
2877,5564.93
2878,7668.3
2879,10535.38
2880,34777.87
2881,2572.91
2882,52271.68
2883,45616.73
2884,7058.92
2885,3726.7
2886,47527.04
2887,7103.09
2888,24261.72
2889,3099.18
2890,1758.14
2891,5597.38
2892,44735.87
2893,6188.86
2894,4256.04
2895,8290.86
2896,15369.41
2897,5716.18
2898,4009.2
2899,12987.72
2900,6866.21
2901,4993.92
2902,56293.06
2903,11785.1
2904,50566.41
2905,5333.1
2906,49293.74
2907,5870.21
2908,52435.45
2909,47218.14
2910,10333.84
2911,5836.65
2912,5570.92
2913,5843.79
2914,56490.87
2915,5686.01
2916,5635.77
2917,5508.59
2918,9139.15
2919,57500.85
2920,13411.44
2921,3140.2
2922,8209.76
2923,14512.7
2924,45251.19
2925,15618.05
2926,8328.02
2927,5459.59
2928,7523.83
2929,38298.62
2930,10664.0
2931,17534.47
2932,5746.52
2933,69230.43
2934,15790.24
2935,56296.86
2936,48581.38
2937,8100.23
2938,7548.14
2939,5497.73
2940,4513.94
2941,54960.53
2942,6138.06
2943,5830.2
2944,2801.33
2945,14496.47
2946,62653.1
2947,12166.43
2948,42255.09
2949,4347.72
2950,5606.97
2951,6386.82
2952,7781.19
2953,56064.9
2954,17101.44
2955,49160.34
2956,11772.79
2957,5351.48
2958,5786.9
2959,6933.72
2960,7144.7
2961,3864.05
2962,3716.37
2963,10806.03
2964,7952.74
2965,48990.05
2966,4151.48
2967,5315.31
2968,52791.6
2969,5223.06
2970,17794.0
2971,6677.04
2972,7948.85
2973,2347.16
2974,9305.086666666666
2975,45409.96
2976,53744.51
2977,15902.69
2978,4944.52
2979,6234.5
2980,5790.88
2981,5699.78
2982,51666.31
2983,12260.82
2984,58266.65
2985,4984.02
2986,5906.97
2987,7204.57
2988,66159.85
2989,12518.025
2990,4421.63
2991,67148.84
2992,46376.74
2993,2184.24
2994,4322.84
2995,3292.91
2996,46492.76
2997,6034.15
2998,44279.86
2999,6042.33
3000,5402.13
3001,8847.25
3002,57710.01
3003,3519.93
3004,6103.16
3005,4769.44
3006,47428.18
3007,6334.32
3008,56246.6
3009,7210.4
3010,64735.8
3011,7559.08
3012,4688.28
3013,2446.87
3014,41393.11
3015,42278.1
3016,46477.81
3017,78395.71
3018,59332.74
3019,9018.03
3020,3420.34
3021,5367.83
3022,4070.41
3023,3005.06
3024,6951.19
3025,5241.57
3026,7810.67
3027,58893.3
3028,6228.12
3029,8146.93
3030,5652.77
3031,4037.64
3032,6141.73
3033,59962.28
3034,5989.27
3035,47742.22
3036,4028.79
3037,5792.64
3038,4727.12
3039,15669.35
3040,49242.72
3041,5781.2
3042,12697.54
3043,4357.58
3044,3963.64
3045,6922.68
3046,4235.93
3047,63536.95
3048,9999.7
3049,62042.76
3050,2859.42
3051,46766.28
3052,55450.78
3053,5876.66
3054,54433.02
3055,50518.76
3056,3388.36
3057,8726.54
3058,60248.16
3059,2482.56
3060,4318.17
3061,55900.83
3062,5443.18
3063,3045.76
3064,12324.44
3065,6455.4
3066,26392.88
3067,4533.79
3068,2345.55
3069,7506.86
3070,8122.05
3071,6132.08
3072,53040.82
3073,6807.81
3074,2640.85
3075,5270.84
3076,47162.77
3077,10680.56
3078,3985.22
3079,2512.13
3080,3374.01
3081,56947.28
3082,14639.97
3083,11313.74
3084,7182.99
3085,12725.86
3086,12127.56
3087,10068.54
3088,4477.61
3089,4655.43
3090,7630.11
3091,4975.41
3092,7538.13
3093,6265.91
3094,5251.99
3095,4412.8
3096,6127.16
3097,6993.41
3098,54158.14
3099,6781.99
3100,6052.46
3101,55995.63
3102,33311.71
3103,5505.23
3104,7729.62
3105,6753.47
3106,20051.39
3107,53707.25
3108,48719.75
3109,6264.52
3110,58280.67
3111,47582.73
3112,5748.75
3113,5450.62
3114,2571.69
3115,49528.23
3116,3407.42
3117,10102.26
3118,3973.255
3119,7686.42
3120,58085.56
3121,63162.74
3122,55315.99
3123,2980.62
3124,63070.87
3125,32091.88
3126,4397.03
3127,7848.08
3128,57550.15
3129,53394.97
3130,2187.81
3131,6450.39
3132,12317.66
3133,4421.41
3134,2392.31
3135,6155.55
3136,64782.29
3137,59096.3
3138,8610.72
3139,5751.83
3140,52125.07
3141,4475.37
3142,50347.68
3143,45901.14
3144,5248.12
3145,13660.46
3146,49363.54
3147,3080.32
3148,4339.41
3149,6896.32
3150,1760.97
3151,59225.35
3152,6741.12
3153,14292.71
3154,51302.35014285715
3155,7308.946000000001
3156,5365.32
3157,4938.89
3158,6146.25
3159,5496.43
3160,11416.24
3161,4235.34
3162,41561.42
3163,73165.28
3164,6980.14
3165,14338.54
3166,5961.02
3167,1990.62
3168,44071.06
3169,7336.77
3170,6157.26
3171,6132.18
3172,13460.7
3173,11654.5
3174,5997.61
3175,5952.65
3176,6544.31
3177,4852.17
3178,3739.41
3179,6126.43
3180,9723.61
3181,64300.77
3182,48100.83
3183,16496.48
3184,2541.1
3185,3661.8
3186,4696.02
3187,4511.28
3188,7606.7
3189,4253.29
3190,6014.39
3191,53239.11
3192,58598.96
3193,45636.55
3194,60405.73
3195,52814.84
3196,6422.69
3197,5522.67
3198,46938.97214285714
3199,73377.89
3200,64862.04
3201,10253.47
3202,5404.51
3203,8573.51
3204,13862.83
3205,32479.05
3206,5808.85
3207,67021.52
3208,4911.84
3209,73055.87
3210,6315.65
3211,5843.05
3212,3541.14
3213,5163.809333333333
3214,5869.9
3215,54756.44
3216,4481.24
3217,23378.48
3218,6173.7
3219,5052.99
3220,34183.58
3221,51312.27
3222,4592.65
3223,51446.7
3224,5925.63
3225,5735.45
3226,58721.9
3227,5513.17
3228,4111.0
3229,4905.34
3230,6964.06
3231,7523.48
3232,5230.37
3233,9018.53
3234,5130.18
3235,14505.1
3236,2555.89
3237,4287.45
3238,5638.26
3239,1806.62
3240,4702.65
3241,3705.77
3242,5917.07
3243,5360.66
3244,60812.93
3245,41106.97
3246,54344.92
3247,56500.85
3248,5027.71
3249,10536.77
3250,9857.85
3251,52076.29
3252,5574.83
3253,70143.88
3254,5429.46
3255,4495.04
3256,5971.61
3257,70652.11
3258,54704.18
3259,6342.98
3260,5573.73
3261,24180.56
3262,2205.76
3263,6267.39
3264,14026.72
3265,5819.51
3266,3355.82
3267,3105.09
3268,4864.26
3269,2492.37
3270,7251.86
3271,2642.99
3272,17135.47
3273,6412.26
3274,5352.43
3275,6043.96
3276,21855.12
3277,2876.2
3278,56687.44
3279,51312.27
3280,5508.17
3281,6033.36
3282,5805.01
3283,6967.3
3284,4494.46
3285,5640.09
3286,5323.6
3287,13077.87
3288,4728.16
3289,14311.02
3290,8771.66
3291,54278.87
3292,9789.1
3293,10780.9
3294,57988.19
3295,56675.52
3296,53881.61
3297,5030.51
3298,6033.58
3299,4839.42
3300,5111.47
3301,13540.78
3302,7575.46
3303,49561.11
3304,4429.45
3305,6142.81
3306,5616.78
3307,6136.79
3308,48855.85
3309,4474.48
3310,39084.04
3311,5312.94
3312,38494.35
3313,17392.185
3314,5169.99
3315,6103.27
3316,28065.59
3317,6522.83
3318,11599.08
3319,56686.72
3320,5801.33
3321,2684.32
3322,4962.94
3323,4409.38
3324,3215.35
3325,7662.16
3326,3253.48
3327,42845.22
3328,12990.39
3329,4223.22
3330,6122.99
3331,12724.0625
3332,3248.73
3333,6540.38
3334,7629.63
3335,54684.0
3336,58123.74
3337,13197.0
3338,4751.19
3339,60427.8
3340,5184.72
3341,9183.7
3342,4547.54
3343,2118.55
3344,2451.06
3345,43464.39
3346,57206.47
3347,12155.6
3348,4539.74
3349,66252.83
3350,56233.27
3351,4508.47
3352,6535.71
3353,5888.83
3354,4931.99
3355,9885.42
3356,7353.27
3357,7371.62
3358,11770.65
3359,2785.66
3360,56851.55
3361,62099.39
3362,4478.21
3363,11822.94
3364,2592.86
3365,5390.69
3366,8494.25
3367,8016.95
3368,12744.44
3369,5368.24
3370,7028.42
3371,3381.13
3372,2488.56
3373,31931.42
3374,7677.75
3375,54380.74
3376,44736.24
3377,10313.99
3378,4537.04
3379,54844.67
3380,54634.12
3381,5985.81
3382,2418.59
3383,10043.6
3384,2560.24
3385,3062.42
3386,65205.6
3387,5820.61
3388,13428.68
3389,8977.54
3390,4615.29
3391,57131.99
3392,35839.4
3393,42967.99
3394,64204.73
3395,60138.62
3396,57223.34
3397,3446.21
3398,2758.12
3399,49797.76
3400,5957.3
3401,61338.0
3402,57143.63
3403,10243.0
3404,13926.6
3405,19464.09
3406,5854.96
3407,14069.08
3408,5627.75
3409,7581.69
3410,57141.7
3411,4372.67
3412,9408.9
3413,2344.64
3414,2241.7
3415,41536.77
3416,9836.58
3417,53523.52
3418,70565.54
3419,6330.99
3420,5712.06
3421,6003.06
3422,15313.16
3423,4315.9
3424,9244.79
3425,51579.82
3426,22219.4
3427,17651.67
3428,49559.53
3429,6877.94
3430,48927.83
3431,4605.74
3432,4865.88
3433,8301.79
3434,5843.53
3435,4767.91
3436,11847.95
3437,60625.21
3438,12051.3
3439,5160.05
3440,4803.23
3441,6223.34
3442,10948.4
3443,57104.98
3444,5393.03
3445,7073.76
3446,47248.5
3447,5892.69
3448,6448.04
3449,54479.61
3450,5073.16
3451,5413.8
3452,4366.29
3453,50309.41
3454,3400.44
3455,12778.3
3456,53079.12
3457,54610.52
3458,12960.99
3459,59507.88
3460,49892.08
3461,3264.42
3462,7224.65
3463,2611.08
3464,5433.01
3465,60833.35
3466,4621.96
3467,4387.29
3468,47456.2
3469,61283.48
3470,2232.12
3471,42500.4
3472,67580.64
3473,57502.69
3474,54690.97
3475,22809.1
3476,17839.0
3477,6912.13
3478,12909.46
3479,60974.04
3480,4177.5
3481,5196.4
3482,43468.9
3483,43342.9
3484,26829.04
3485,61731.16
3486,5990.66
3487,12096.96
3488,16891.45
3489,5576.22
3490,38708.65
3491,8320.75
3492,13945.71
3493,30715.86666666667
3494,3055.66
3495,9088.37
3496,13536.68
3497,7713.69
3498,7097.5
3499,5354.05
3500,5531.66
3501,14300.02
3502,61659.96
3503,45970.99
3504,14704.36
3505,58650.6
3506,13294.39
3507,5785.16
3508,5859.28
3509,3372.45
3510,60657.24
3511,3545.58
3512,57147.54
3513,4720.02
3514,51844.66
3515,12534.52
3516,2913.12
3517,12771.6
3518,11767.54
3519,7309.0
3520,5762.12
3521,13685.74
3522,5925.03
3523,5226.89
3524,2514.37
3525,5568.48
3526,5902.64
3527,49315.96
3528,5146.4
3529,5656.7
3530,5400.16
3531,4361.65
3532,8808.63
3533,7437.98
3534,2435.32
3535,43734.55
3536,42574.96
3537,4533.87
3538,5129.34
3539,5910.0
3540,4662.76
3541,3238.63
3542,2233.84
3543,7364.23
3544,2247.89
3545,4005.88
3546,3663.99
3547,4363.17
3548,31347.8
3549,55343.14
3550,47888.79
3551,5783.69
3552,5552.14
3553,4141.42
3554,47603.11
3555,60477.97
3556,4380.32
3557,4673.21
3558,5153.13
3559,10212.69
3560,61281.78
3561,56365.32
3562,7532.81
3563,6975.86
3564,2939.06
3565,13496.97
3566,2811.21
3567,6965.13
3568,3662.31
3569,3927.86
3570,65777.9
3571,2633.46
3572,3261.97
3573,6796.85
3574,11933.5
3575,61916.16
3576,56080.2
3577,14335.38
3578,3816.0
3579,5207.76
3580,50022.19
3581,52295.21
3582,74154.65
3583,22209.0
3584,32728.53
3585,51348.92
3586,4128.83
3587,6404.84
3588,54923.31
3589,52801.57
3590,12503.87
3591,5238.5
3592,60683.76
3593,12440.14
3594,6977.62
3595,7163.26
3596,11003.76
3597,53219.08
3598,7691.9
3599,53285.01
3600,2351.14
3601,3980.55
3602,6451.86
3603,12959.4
3604,8083.6
3605,54001.54
3606,8409.96
3607,40815.04
3608,56835.13
3609,4635.84
3610,5409.71
3611,65472.3
3612,12500.38
3613,4586.29
3614,62055.44
3615,5025.15
3616,11809.1
3617,4261.38
3618,13362.37
3619,6471.15
3620,4600.5
3621,11367.83
3622,48182.02
3623,4298.44
3624,10300.24
3625,60184.41
3626,25983.99
3627,11648.85
3628,6826.31
3629,6292.01
3630,2528.06
3631,4901.38
3632,9932.44
3633,8400.64
3634,11252.91
3635,61682.01
3636,12039.96
3637,1808.25
3638,3408.9
3639,3554.82
3640,3777.48
3641,3680.95
3642,6061.73
3643,60383.81
3644,4952.24
3645,3039.46
3646,5498.09
3647,6621.14
3648,39836.5
3649,56673.86
3650,4405.4
3651,7098.71
3652,53203.04
3653,6214.4
3654,5239.8
3655,11624.58
3656,5890.6
3657,3205.44
3658,48398.79
3659,3864.38
3660,4562.81
3661,55836.44
3662,1839.56
3663,60113.25
3664,6247.84
3665,4628.33
3666,41911.52
3667,9201.73
3668,12684.31
3669,5639.38
3670,14216.265
3671,3221.31
3672,49468.19
3673,51729.23
3674,2695.31
3675,12530.73
3676,10343.78
3677,3021.85
3678,9530.01
3679,3561.91
3680,4114.42
3681,65035.99
3682,59666.7
3683,7466.21
3684,44112.91
3685,57695.93
3686,3480.59
3687,4057.72
3688,41297.7
3689,59812.96
3690,4608.02
3691,6487.9
3692,6548.1
3693,9599.15
3694,74907.96
3695,6764.41
3696,3850.6
3697,4927.54
3698,69091.55
3699,58017.35
3700,2440.28
3701,16678.64
3702,9509.44
3703,1783.51
3704,5651.4
3705,5924.43
3706,14551.77
3707,8789.09
3708,4418.62
3709,8893.64
3710,39270.07
3711,55579.27
3712,52204.13
3713,14982.31
3714,2886.33
3715,6539.87
3716,4964.32
3717,8579.26
3718,8888.65
3719,5067.8
3720,23921.92
3721,4037.65
3722,4179.41
3723,6502.8
3724,4493.56
3725,63683.15
3726,62682.77
3727,4640.21
3728,55159.5
3729,12517.86
3730,7764.18
3731,7019.55
3732,3128.86
3733,4638.72
3734,5384.11
3735,55262.36
3736,4062.31
3737,11110.97
3738,8308.42
3739,6011.66
3740,54608.0
3741,60295.83
3742,7523.79
3743,8093.33
3744,25129.58
3745,53653.05
3746,9802.74
3747,73141.14
3748,8425.48
3749,10320.21
3750,6819.73
3751,5277.16
3752,51869.37
3753,8167.03
3754,68139.01
3755,4868.43
3756,32047.99
3757,6944.34
3758,6719.22
3759,6645.16
3760,10881.24
3761,4672.67
3762,1806.25
3763,64735.85
3764,49597.3
3765,3085.14
3766,3749.91
3767,2315.93
3768,47815.27
3769,51710.32
3770,4898.7
3771,7169.67
3772,3436.58
3773,7472.47
3774,8047.66
3775,3391.53
3776,7542.8
3777,5536.79
3778,4827.84
3779,4953.34
3780,41794.44
3781,5582.54
3782,13295.53
3783,49297.05
3784,10618.55
3785,13332.59
3786,54533.39
3787,54448.13
3788,57208.17
3789,13824.73
3790,2554.94
3791,4500.91
3792,56181.77
3793,12425.1
3794,39687.11
3795,4885.675
3796,5498.69
3797,13863.94
3798,42064.41
3799,23443.22
3800,5501.84
3801,5718.5
3802,9818.61
3803,28363.05
3804,10435.61
3805,7628.31
3806,6257.83
3807,5830.26
3808,8515.16
3809,5068.31
3810,56896.26
3811,52603.21
3812,52190.3
3813,44831.22
3814,10029.74
3815,5147.65
3816,2304.98
3817,51905.97
3818,44539.77
3819,2329.53
3820,4035.15
3821,8000.92
3822,47162.19
3823,2384.51
3824,33824.68
3825,7425.38
3826,39667.24
3827,42651.98
3828,7375.71
3829,12869.57
3830,11951.14
3831,7011.67
3832,5460.57
3833,5644.05
3834,5037.11
3835,36439.69
3836,4038.62
3837,33375.36
3838,49759.25
3839,8249.82
3840,2452.2
3841,52638.81
3842,62603.3
3843,5634.21
3844,28063.08
3845,56967.61
3846,4766.29
3847,41102.14
3848,6522.34
3849,7170.75
3850,3411.41
3851,3218.56
3852,5937.07
3853,40727.47
3854,7197.94
3855,5099.57
3856,52340.37
3857,6651.99
3858,6689.9
3859,13459.99
3860,5340.52
3861,10862.29
3862,3119.33
3863,49629.91
3864,3722.97
3865,44721.89
3866,25500.34
3867,7688.47
3868,4566.17
3869,20272.64
3870,3116.3
3871,50263.44
3872,4422.2
3873,7205.6
3874,31439.72
3875,9192.81
3876,6031.73
3877,6635.42
3878,6544.93
3879,13313.36
3880,49785.89
3881,9685.39
3882,6243.27
3883,7337.5
3884,7083.74
3885,58643.79
3886,5383.79
3887,27876.4
3888,11098.27
3889,2494.56
3890,4417.25
3891,6734.73
3892,4951.28
3893,6868.88
3894,10774.81
3895,44734.01
3896,1723.61
3897,6060.65
3898,2276.11
3899,4992.35
3900,6000.06
3901,10150.5
3902,5214.59
3903,55635.98
3904,50095.71
3905,57784.05
3906,4134.99
3907,49964.8
3908,61143.4
3909,60927.38
3910,5925.2
3911,3751.57
3912,3994.22
3913,5078.85
3914,5337.6
3915,15530.52
3916,7605.6
3917,6991.78
3918,60269.89
3919,9433.54
3920,70506.54
3921,53315.19
3922,32700.38
3923,4627.91
3924,7386.35
3925,61555.25
3926,7053.5
3927,2691.72
3928,9699.46
3929,5837.0
3930,4266.89
3931,4862.1
3932,5585.68
3933,3885.84
3934,5539.92
3935,5025.2
3936,2290.94
3937,6642.57
3938,7075.07
3939,5162.73
3940,6817.31
3941,5654.32
3942,5654.59
3943,49418.54
3944,56061.99
3945,2823.05
3946,11749.74
3947,9311.7
3948,58575.4
3949,4993.25
3950,7618.11
3951,3675.1
3952,6252.39
3953,9515.54
3954,6824.89
3955,1707.79
3956,49388.39
3957,11432.22
3958,4280.52
3959,7707.08
3960,5251.87
3961,56672.25
3962,5762.26
3963,5588.13
3964,56783.23
3965,5856.55
3966,4996.82
3967,11443.1
3968,5243.62
3969,5130.95
3970,56085.88
3971,3087.08
3972,3860.84
3973,7340.31
3974,7062.06
3975,5666.63
3976,43139.55
3977,45610.92
3978,49783.43
3979,5177.74
3980,61162.29
3981,52375.38
3982,11988.17
3983,41798.57
3984,3859.44
3985,5464.15
3986,29735.25
3987,50990.71
3988,8835.26
3989,25456.78
3990,8042.12
3991,4540.9
3992,2711.44
3993,5318.01
3994,4008.68
3995,4034.93
3996,2744.98
3997,54760.06
3998,9602.26
3999,4946.86
4000,60891.09
4001,49771.9
4002,64966.57
4003,6395.92
4004,9497.25
4005,4481.61
4006,3753.94
4007,13829.42
4008,8582.85
4009,4834.8
4010,7256.31
4011,7384.06
4012,68583.31
4013,4380.81
4014,57595.39
4015,9115.38
4016,6226.7
4017,4754.19
4018,32012.35
4019,5575.63
4020,60202.85
4021,3842.53
4022,56344.85
4023,7317.37
4024,6048.5
4025,70432.76
4026,9970.64
4027,7350.65
4028,43036.68
4029,48705.16
4030,55781.15
4031,12159.57
4032,53277.51
4033,2656.74
4034,3275.17
4035,52498.08
4036,2471.78
4037,11440.01
4038,54735.98
4039,5600.29
4040,6841.73
4041,4672.46
4042,4559.02
4043,4042.18
4044,21824.23
4045,5666.53
4046,8352.86
4047,4440.35
4048,6543.14
4049,4477.25
4050,5657.95
4051,23022.72
4052,52139.29
4053,38607.72
4054,4551.64
4055,10208.18
4056,6735.29
4057,2901.0
4058,5766.35
4059,37151.3
4060,8202.19
4061,8558.37
4062,74600.23
4063,5499.59
4064,4518.71
4065,45857.83
4066,9808.74
4067,2443.7
4068,5495.23
4069,2317.65
4070,10778.47
4071,54520.02
4072,58337.94
4073,3172.95
4074,4701.03
4075,13317.19
4076,11287.4
4077,11445.12
4078,50830.12
4079,4398.21
4080,5711.99
4081,12653.43
4082,12466.13
4083,3218.23
4084,4568.12
4085,58180.55
4086,3800.46
4087,11729.88
4088,5844.85
4089,69419.65
4090,7260.98
4091,8660.03
4092,8544.47
4093,7672.9
4094,5645.8
4095,4414.74
4096,41654.78
4097,5447.04
4098,52384.9
4099,57839.72
4100,46858.03
4101,3878.43
4102,2863.05
4103,4726.83
4104,8658.54
4105,69304.21
4106,64250.53
4107,12809.9
4108,8923.19
4109,46046.39
4110,5609.53
4111,87622.65
4112,7055.88
4113,6072.65
4114,15156.46
4115,6712.94
4116,6313.17
4117,60115.37
4118,12784.24
4119,39137.18
4120,5134.56
4121,55833.89
4122,13253.26
4123,50937.53
4124,4235.87
4125,3949.52
4126,3650.66
4127,57145.43
4128,1969.44
4129,13252.79
4130,69281.56
4131,6350.65
4132,47114.17
4133,56082.9
4134,46036.64
4135,4393.59
4136,2594.23
4137,62405.64
4138,52251.71
4139,4026.13
4140,56611.44
4141,5587.4
4142,7431.58
4143,58804.32
4144,7959.44
4145,10719.74
4146,9251.01
4147,5643.11
4148,7001.22
4149,5779.16
4150,4308.17
4151,4796.51
4152,54418.97
4153,5419.3
4154,2512.0
4155,1794.0
4156,9062.63
4157,5474.9
4158,4469.3
4159,7823.62
4160,7968.6
4161,5725.38
4162,3707.55
4163,53663.63
4164,13385.91
4165,7265.65
4166,53422.89
4167,2878.73
4168,4712.91
4169,2169.92
4170,12891.44
4171,5293.9766666666665
4172,70749.34
4173,11244.42
4174,6618.65
4175,5357.89
4176,48332.02
4177,64987.56
4178,6861.18
4179,3729.51
4180,11875.83
4181,41574.39
4182,57693.21
4183,6308.84
4184,43316.26
4185,60416.04
4186,3970.42
4187,10231.33
4188,6071.171333333333
4189,4145.6
4190,59229.63
4191,52313.17
4192,3918.54
4193,58168.81
4194,46502.75
4195,58217.16
4196,5697.99
4197,7856.19
4198,2624.7
4199,57928.1
4200,2813.49
4201,49842.83
4202,22287.7
4203,6359.77
4204,6065.9
4205,5561.19
4206,5651.93
4207,33610.25
4208,4839.54
4209,11954.9
4210,40366.44
4211,4820.73
4212,7420.39
4213,8122.96
4214,5016.25
4215,6226.44
4216,50295.25
4217,10832.6
4218,7324.73
4219,6265.77
4220,13201.96
4221,5007.28
4222,4078.76
4223,68587.16
4224,6651.45
4225,6823.11
4226,45634.25
4227,57971.2
4228,3201.57
4229,45883.0
4230,4832.24
4231,55388.23
4232,5811.03
4233,4860.64
4234,11701.89
4235,50142.06
4236,6736.95
4237,10263.75
4238,5900.13
4239,53713.61
4240,11724.78
4241,10125.61
4242,3279.89
4243,4629.84
4244,5857.01
4245,5717.37
4246,3408.58
4247,7842.61
4248,5790.41
4249,2713.05
4250,57150.85
4251,11249.46
4252,8503.1
4253,3953.04
4254,42699.69
4255,2845.18
4256,4323.65
4257,4665.45
4258,5659.54
4259,70045.28
4260,62406.65
4261,3449.1
4262,4124.04
4263,50739.69
4264,3651.7
4265,5716.39
4266,5853.34
4267,49462.24
4268,38603.37
4269,77194.08
4270,9913.15
4271,23299.0
4272,4828.29
4273,2512.44
4274,4401.32
4275,7083.09
4276,5744.73
4277,3694.18
4278,12003.78
4279,49227.95
4280,5360.35
4281,5368.79
4282,6455.87
4283,9816.86
4284,64839.25333333334
4285,6368.46
4286,1453.11
4287,9205.41
4288,49841.44
4289,52883.52
4290,15652.33
4291,8553.58
4292,5401.26
4293,31903.14
4294,5168.29
4295,6883.57
4296,48030.03
4297,18603.18
4298,44777.89
4299,54616.64
4300,48963.37
4301,71105.3
4302,5671.09
4303,17121.23
4304,55740.12
4305,7260.82
4306,83063.91
4307,6886.67
4308,3409.22
4309,55219.39
4310,42949.81
4311,50867.08
4312,28047.06
4313,47393.5
4314,5792.98
4315,58582.81
4316,6166.61
4317,63310.98
4318,52134.93
4319,3944.44
4320,4956.15
4321,7093.73
4322,19436.85
4323,11802.89
4324,63701.79
4325,6640.45
4326,5340.26
4327,5975.07
4328,49841.33
4329,69003.81
4330,5579.14
4331,9820.92
4332,6662.8
4333,45446.93
4334,8242.61
4335,2961.46
4336,76739.95
4337,3896.3
4338,2354.22
4339,55172.74
4340,6485.31
4341,49620.09
4342,4482.96
4343,55433.48
4344,58631.88
4345,5574.56
4346,6347.89
4347,6747.86
4348,3465.65
4349,13198.92
4350,59591.75
4351,5912.37
4352,4575.99
4353,70617.19
4354,5010.65
4355,8361.07
4356,47764.28
4357,50319.61
4358,4095.06
4359,12473.06
4360,4447.59
4361,48875.01
4362,44419.34
4363,4736.13
4364,44815.62
4365,67025.49
4366,59191.32
4367,38313.41
4368,5512.95
4369,48336.1
4370,1427.02
4371,7059.9
4372,64266.54
4373,6168.69
4374,7873.57
4375,58403.38
4376,4579.16
4377,11545.83
4378,34262.33
4379,67741.3
4380,3528.73
4381,55252.07
4382,7376.45
4383,1559.06
4384,70017.32
4385,4399.45
4386,7306.87
4387,4459.21
4388,6906.94
4389,5037.44
4390,11086.36
4391,4747.39
4392,4945.19
4393,7170.06
4394,6220.27
4395,5179.8
4396,57246.48
4397,47090.93
4398,38177.48
4399,68508.13
4400,5205.31
4401,18292.65
4402,60262.84
4403,5348.11
4404,6725.61
4405,1786.88
4406,51686.6
4407,57724.41
4408,5808.42
4409,4514.2
4410,6374.31
4411,4891.24
4412,4770.08
4413,45628.85
4414,4156.5
4415,6282.98
4416,6774.03
4417,55974.59
4418,5398.15
4419,58629.13
4420,54623.58
4421,6520.55
4422,62948.72
4423,7049.9
4424,4980.3
4425,5521.37
4426,47950.31
4427,2303.19
4428,7697.97
4429,5546.75
4430,51860.07
4431,10248.67
4432,10406.0
4433,6655.82
4434,50537.74
4435,34806.84
4436,3090.09
4437,3287.11
4438,5075.74
4439,6675.4
4440,7477.39
4441,7251.12
4442,18820.2
4443,16621.63
4444,4051.44
4445,52464.28
4446,4489.55
4447,12412.39
4448,4090.16
4449,2986.57
4450,45392.84
4451,4248.63
4452,9033.39
4453,4927.5
4454,9761.525
4455,6184.77
4456,3781.26
4457,5495.52
4458,42996.39
4459,10617.14
4460,6184.92
4461,11623.42
4462,5436.26
4463,6874.91
4464,5664.22
4465,5589.69
4466,10185.6
4467,53668.23
4468,32915.39
4469,9049.1
4470,2554.91
4471,45310.31
4472,7671.08
4473,5048.04
4474,4678.28
4475,54021.11
4476,9258.88
4477,71059.22
4478,4834.48
4479,3784.97
4480,5121.43
4481,59601.82
4482,5255.23
4483,3050.06
4484,32207.39
4485,50756.92
4486,3975.17
4487,11452.04
4488,2944.6
4489,3831.85
4490,48962.56
4491,45998.09
4492,56219.04
4493,7567.29
4494,52231.34
4495,7892.78
4496,49760.56
4497,72104.22
4498,22598.64
4499,60101.49
4500,57621.63
4501,9452.59
4502,7608.3
4503,8300.44
4504,4168.08
4505,11489.93
4506,45396.45
4507,5545.54
4508,5870.51
4509,57560.55
4510,52168.66
4511,4279.24
4512,7287.08
4513,6368.43
4514,5534.54
4515,33602.88
4516,5649.04
4517,62966.83
4518,5175.59
4519,6305.27
4520,6179.36
4521,14468.9325
4522,6526.37
4523,5634.67
4524,11309.76
4525,5805.12
4526,6206.91
4527,5178.63
4528,14804.24
4529,4208.53
4530,2145.21
4531,5065.86
4532,12996.38
4533,55250.31
4534,6434.32
4535,52366.77
4536,58341.26
4537,4618.08
4538,3896.36
4539,5235.87
4540,6210.68
4541,7716.9
4542,11657.81
4543,51638.72
4544,28102.54
4545,7142.13
4546,46994.94
4547,54535.58
4548,66703.32
4549,5395.8
4550,5192.69
4551,4291.4
4552,6091.76
4553,12019.42
4554,25514.36
4555,8434.77
4556,51142.59
4557,13436.56
4558,13606.77
4559,42832.78
4560,67302.39
4561,7457.93
4562,4617.27
4563,5156.65
4564,4731.72
4565,40976.67
4566,6102.82
4567,11139.86
4568,4764.87
4569,4245.8
4570,4047.5
4571,7298.92
4572,6390.48
4573,6703.265
4574,2629.9
4575,6625.93
4576,5274.26
4577,6189.08
4578,5717.76
4579,1852.64
4580,7648.37
4581,4861.06
4582,53576.36
4583,3992.76
4584,56072.85
4585,3524.64
4586,3191.04
4587,11668.09
4588,47515.38
4589,4349.0
4590,49015.66
4591,10674.7
4592,13319.57
4593,3231.8
4594,36765.74
4595,3749.71
4596,6057.4
4597,7581.27
4598,4305.25
4599,2705.7
4600,6405.99
4601,43862.39
4602,13682.31
4603,55869.71
4604,8317.53
4605,47281.78
4606,7704.84
4607,3338.71
4608,8343.51
4609,4011.23
4610,6919.88
4611,54020.79
4612,69129.6
4613,3945.12
4614,1991.23
4615,56559.02
4616,2361.08
4617,3942.1
4618,5160.39
4619,46757.5
4620,2738.45
4621,9966.22
4622,3125.55
4623,2010.04
4624,9160.608333333332
4625,13991.51
4626,9311.84
4627,36515.51
4628,3249.25
4629,6160.63
4630,10584.16
4631,5545.98
4632,9141.84
4633,70306.27
4634,53205.61
4635,8284.48
4636,55718.06
4637,12729.46
4638,12130.59
4639,42306.27
4640,4181.82
4641,5544.79
4642,8152.87
4643,50335.46
4644,10321.89
4645,4322.43
4646,9610.81
4647,52323.96
4648,2816.05
4649,66686.16
4650,51508.0
4651,12900.45
4652,4428.63
4653,12282.66
4654,44096.15
4655,12201.94
4656,58510.41
4657,71464.31
4658,12442.25
4659,5867.585999999999
4660,58163.54
4661,5204.71
4662,69527.28
4663,15495.51
4664,61782.2
4665,53073.27
4666,4570.59
4667,7044.94
4668,14851.45
4669,4730.86
4670,10295.71
4671,60273.07
4672,11633.31
4673,47222.37
4674,5187.18
4675,55268.24
4676,6173.23
4677,56644.5
4678,41501.98
4679,64477.24
4680,7174.24
4681,5042.99
4682,23146.56
4683,15506.16
4684,56147.62
4685,51182.73
4686,6172.98
4687,44185.48
4688,7784.89
4689,60182.93
4690,11749.36
4691,14798.73
4692,5975.28
4693,56282.96
4694,6828.03
4695,58238.7
4696,6455.17
4697,50586.62
4698,21806.88
4699,26440.82
4700,58883.421500000004
4701,7617.98
4702,6244.69
4703,4676.97
4704,13511.47
4705,8375.9
4706,5975.5
4707,5311.16
4708,2127.18
4709,56177.73
4710,2684.0
4711,6737.33
4712,6967.47
4713,13964.4
4714,6064.73
4715,43176.14
4716,6141.54
4717,4792.59
4718,26478.88
4719,31980.33
4720,53678.7
4721,42798.65
4722,14577.02
4723,29909.02
4724,34863.33
4725,5856.07
4726,5981.74
4727,6577.44
4728,45919.76
4729,4823.19
4730,54072.59
4731,8688.84
4732,68880.85
4733,52063.0
4734,6586.24
4735,54704.18
4736,5575.79
4737,5760.76
4738,42807.84
4739,4994.6
4740,7256.73
4741,48812.89
4742,2763.23
4743,2339.46
4744,5145.62
4745,8877.3
4746,4792.59
4747,48944.33
4748,53119.26
4749,43796.05
4750,9474.19
4751,67907.19750000001
4752,7804.18
4753,6876.85
4754,66466.38
4755,8253.49
4756,3965.61
4757,6747.49
4758,8291.11
4759,2601.25
4760,64975.72
4761,5765.27
4762,44314.26
4763,9472.42
4764,4519.36
4765,10635.05
4766,61879.7
4767,62996.68
4768,60159.51
4769,8364.94
4770,15747.96
4771,4491.34
4772,2623.12
4773,10616.24
4774,49753.4
4775,4643.36
4776,4693.93
4777,50226.99
4778,68600.21
4779,45639.08
4780,4045.35
4781,50254.06
4782,6013.92
4783,47025.01
4784,41510.52
4785,32442.83
4786,5142.54
4787,4834.11
4788,45987.45
4789,6220.6075
4790,41580.71
4791,55907.67
4792,7700.41
4793,48081.95
4794,6349.62
4795,76994.7
4796,24449.68
4797,45901.56
4798,8783.33
4799,5292.08
4800,4976.64
4801,2987.95
4802,4287.71
4803,7380.1
4804,5656.26
4805,42766.43
4806,5943.81
4807,4582.37
4808,3020.91
4809,3373.05
4810,5421.5
4811,8546.23
4812,47606.81
4813,6041.49
4814,2859.56
4815,17522.36
4816,7682.44
4817,2952.92
4818,3851.24
4819,3798.32
4820,2925.73
4821,41186.06
4822,59959.57
4823,5054.96
4824,11139.02
4825,7814.11
4826,50362.5
4827,7511.73
4828,5075.73
4829,5996.72
4830,5588.42
4831,6943.02
4832,5847.44
4833,43097.19
4834,5756.7
4835,5814.26
4836,23193.16
4837,53049.32
4838,4664.82
4839,6707.05
4840,63029.01
4841,49834.65
4842,5708.14
4843,50896.41
4844,17773.97
4845,62506.95
4846,5156.13
4847,6333.325
4848,3027.92
4849,45938.97
4850,3150.9
4851,3144.77
4852,7349.64
4853,10689.77
4854,16887.29
4855,4312.67
4856,4289.33
4857,7057.86
4858,5566.68
4859,5251.45
4860,51084.23
4861,7377.0
4862,5750.99
4863,10275.35
4864,44768.01
4865,4232.83
4866,5184.71
4867,3195.6
4868,4757.34
4869,5700.16
4870,7357.37
4871,52541.52
4872,5905.3
4873,10507.89
4874,46364.88
4875,54753.1
4876,5755.5
4877,5829.36
4878,2651.56
4879,43027.01
4880,7833.67
4881,13675.2
4882,42040.72
4883,10798.2
4884,56945.67
4885,59875.03
4886,3457.42
4887,2434.72
4888,8301.66
4889,3808.37
4890,1827.47
4891,56544.53
4892,6030.94
4893,14146.71
4894,7671.08
4895,5465.14
4896,6628.5
4897,12841.383
4898,3365.69
4899,43669.74
4900,4988.32
4901,5720.05
4902,9347.76
4903,7456.56
4904,32822.17
4905,4730.64
4906,66155.81
4907,4728.73
4908,62359.86
4909,2144.0
4910,4939.88
4911,5063.58
4912,6594.33
4913,7696.15
4914,5991.76
4915,60219.69
4916,2761.53
4917,46452.92
4918,50183.4
4919,8202.52
4920,2482.38
4921,70604.42
4922,6382.31
4923,70630.18
4924,6127.64
4925,7634.6
4926,36358.53
4927,12694.99
4928,5698.36
4929,6140.41
4930,53141.65
4931,50254.98
4932,5957.58
4933,4428.68
4934,13237.16
4935,8040.23
4936,5369.79
4937,6354.17
4938,5756.6
4939,45277.48
4940,5821.55
4941,4494.46
4942,6989.485
4943,5978.46
4944,50716.46
4945,54429.91
4946,4832.08
4947,32605.5
4948,6847.15
4949,4542.6
4950,4487.96
4951,37985.0
4952,4793.32
4953,43227.07
4954,2369.58
4955,5661.41
4956,5261.77
4957,4713.93
4958,4398.35
4959,8194.87
4960,4595.36
4961,6335.31
4962,13109.72
4963,6451.34
4964,11872.57
4965,4529.19
4966,56061.04
4967,63974.1
4968,4112.65
4969,3015.32
4970,14195.87
4971,4501.63
4972,4325.87
4973,12531.17
4974,7860.13
4975,7117.99
4976,50262.3
4977,6440.74
4978,3670.37
4979,5082.31
4980,48626.7
4981,5465.63
4982,4060.9
4983,13384.3
4984,3448.16
4985,6430.95
4986,6258.44
4987,3819.73
4988,6799.71
4989,49673.96
4990,28493.37
4991,17604.0
4992,54632.69
4993,7817.01
4994,9752.1
4995,6514.58
4996,59714.61
4997,4686.92
4998,50117.59
4999,49539.76
5000,61065.51
